Club_name,Club_type_keywords,Club_description
CEG Tech Forum,"Technical, projects, technical event organisation, innovation","The CEG Tech Forum, was convened to nurture the scientific temper of the student populace. Engineering projects pertaining to the needs of the society are an integral part of the successful ventures undertaken by CTF. The forum also organizes Kurukshetra, one of the biggest techno-management events of the country."
Guindy Times,"English, writing, ","The Guindy Times is the official campus magazine of CEG, AC Tech and SAP. This students' magazine is a media body which aims to provide regular updates regarding all the happenings of the college."
Literary Club of Anna University,"English, speaking, writing, non technical events",The literary club seeks to nurture the literary talents of the students. It conducts various inter- and intra- college events and training activities through the year in this sphere.
Robotics Club,"Technical, robotics, projects","With an untiring motive of pervading the knowledge of Robotics among the students, the robotics club conducts various workshops and courses through the year.Further, internship opportunities are provided for excelling candidates."
Rotaract Club of CEG,"Leadership, professional skills, event organisation",The Rotaract club seeks to improve the leadership and professional skills of the students in addition to moulding them into responsible individuals. They organize various events that foster the spirit of social responsibility.
Capitalise,"Entrepreneurial skills, professional skills","A wing of the entrepreneur development cell of CEG, capitalize enables the interested to take informed decisions to bring in successful entrepreneur and students on a common platform.Further, the club motivates the members on various dimensions of industry to nurture the latent entrepreneurial talent."
ACM Student Chapter of CEG,"Technical, computer science","The ACM Student Chapter of CEG, generally abbreviated as ACM CEG is the official student Chapter of ACM in the institution. It's aim is to motivate students to embark on the journey of learning and developing the tools of computer science and instilling in them a passion for computer science. It serves to clear the clutter and provide guidance to help them to achieve their goals."
Quizzers Anonymous,"Quizzing, non technical events",The quiz club is dedicated to preparing and conducting quality quizzing events and training sessions to nurture the quizzing skills in students host competitions that assess the quizzers in various fields of knowledge and arts.
Theatron,"Theatre, art","As the official theatre club of CEG, Theatron produces plays while maintaining a commitment to living playwrights and taking a comprehensive approach to artistic development and arts education. Its mission and values give CEG a unique place in Indian theatre."
Siruthuligal,Volunteering,"An entirely student volunteered club, siruthuligal aims to provide financial aid for academic and medical purposes to the students."
CSAU,"Technical, computer science","With the primary aim to enhance students� knowledge in the field of computer science, this club conducts various workshops and courses through the year."
Mathavam,"Tamil, speaking, writing","Mathavam is the association of the Tamil enthusiasts of the college. With a shared love for literature and language, this club brings a pool of talent for utilization."
Saptham,"Classical, dance, singing","Seeking to encourage students in the field of classical performing arts, Saptham provides ample opportunities to students to showcase their singing and dancing talents."
CEG Spartanz,"street theatre, arts",The official variety show troupe of the college help students exhibit their talents and passion for street theater
Twisters,Dance,"The official dance troupe of CEG, with extremely high reputation in the city for excellence in performance and creativity, train and encourage the interested with distinctive dance techniques."
LEO club of CEG,"Leadership, professional skills",The Leo club focusses on enhancing the leadership skills of the students along with providing varied opportunities and experiences for all around improvement.
Green Brigade,Volunteering,Green brigade is the only non-technical club of CEG that aims to promote environmental awareness. It also organizes various events in association with other NGOs that work for similar causes.
Sruthilaya,"Singing, music","With shared interest and passion in music, sruthilaya functions as the official band of CEG. Influenced by indian, western and regional pop, the band performs multiple genres and has acquired high acclaim by winning various competitions."
Aakrithi,"All female, singing, dance","An exclusive all women�s club, Aakrithi seeks to reach out and help in the holistic development of the girls, in all facets."
SCI,"creativity, innovation, projects","The Students Creativity and Innovation lab functions in a way which ultimately develops creativity and innovation into students, making them to stand out in a crowd."
SQC,"Professional skills, technical","The Students Quality Club is a forum to empower the students to significantly improve their personal and professional effectiveness, by offering opportunities to enable them to have a first hand industry experience."
Beatfreakz,"All female, dance","Beatfreakz is an all female dance crew known for their graceful, high energy performances and their dedication to the craft."
Pixels,"Photography, art, non technical",It is the official photography and videography club of CEG and a wonderful platform for those passionate about the art of photography
Astro club,"Astronomy, non technical",Astro Club is the official Astronomy and Planetary Sciences club of Anna university and is a platform meant for anyone and everyone interesed in astronomy.
